{
  "name": "progressbar.js",
  "main": "dist/progressbar.js",
  "version": "0.5.2",
  "homepage": "https://github.com/kimmobrunfeldt/progressbar.js",
  "authors": [
    "Kimmo Brunfeldt <kimmobrunfeldt@gmail.com>"
  ],
  "description": "Beautiful and responsive progress bars with animated SVG paths",
  "moduleType": [
    "amd",
    "globals"
  ],
  "keywords": [
    "progress",
    "bar",
    "js",
    "svg",
    "circular",
    "circle",
    "pace",
    "radial",
    "line",
    "loading",
    "loader"
  ],
  "license": "MIT",
  "ignore": [
    "**/.*",
    "node_modules",
    "bower_components",
    "test",
    "tests"
  ],
  "_release": "0.5.2",
  "_resolution": {
    "type": "version",
    "tag": "0.5.2",
    "commit": "8b7c15cfbde791cc7e372a3d0459ba7751342e1e"
  },
  "_source": "git://github.com/kimmobrunfeldt/progressbar.js.git",
  "_target": "~0.5.2",
  "_originalSource": "progressbar.js",
  "_direct": true
}