{
    "vyvanse": {
        "description": "commonly used for anxiety",
        "information": "http://pillbox.nlm.nih.gov/pillimage/search.php",
        "refill": "http://www.walgreens.com/",
        "reviews": [
            {
                "comment": "Lorem ipsum dolor sit amet, consectetur adipisicing elit. Sequi rem dolores possimus, magni porro similique ipsum dignissimos perferendis dicta ab saepe excepturi cumque facilis earum nemo maxime nam architecto laudantium.",
                "difficulty": 50,
                "moodChange": 69,
                "profile": {
                    "image": "img/danielRasmuson.jpg",
                    "name": "Daniel Rasmuson"
                },
                "satisfaction": 60,
                "weightChange": 40
            },
            {
                "comment": "Lorem ipsum dolor sit amet, consectetur adipisicing elit. Sequi rem dolores possimus, magni porro similique ipsum dignissimos perferendis dicta ab saepe excepturi cumque facilis earum nemo maxime nam architecto laudantium.",
                "difficulty": 40,
                "moodChange": 29,
                "profile": {
                    "image": "img/peteKane.jpeg",
                    "name": "Pete Kane"
                },
                "satisfaction": 30,
                "weightChange": 10
            },
            {
                "comment": "Lorem ipsum dolor sit amet, consectetur adipisicing elit. Sequi rem dolores possimus, magni porro similique ipsum dignissimos perferendis dicta ab saepe excepturi cumque facilis earum nemo maxime nam architecto laudantium.",
                "difficulty": 80,
                "moodChange": 119,
                "profile": {
                    "image": "img/DrewPowell.jpg",
                    "name": "Drew Powell"
                },
                "satisfaction": 100,
                "weightChange": 0
            }
        ]
    },
    "effexor": {
        "description": "commonly used for anxiety",
        "information": "http://pillbox.nlm.nih.gov/pillimage/search.php",
        "refill": "http://www.walgreens.com/",
        "reviews": [
            {
                "comment": "I've had really bad headaches.",
                "difficulty": 50,
                "moodChange": 69,
                "profile": {
                    "image": "img/danielRasmuson.jpg",
                    "name": "Daniel Rasmuson"
                },
                "satisfaction": 60,
                "weightChange": 40
            },
            {
                "comment": "Took me a long time to get off the medication.",
                "difficulty": 90,
                "moodChange": 29,
                "profile": {
                    "image": "img/peteKane.jpeg",
                    "name": "Pete Kane"
                },
                "satisfaction": 30,
                "weightChange": 10
            },
            {
                "comment": "Worked great!",
                "difficulty": 30,
                "moodChange": 10,
                "profile": {
                    "image": "img/DrewPowell.jpg",
                    "name": "Drew Powell"
                },
                "satisfaction": 100,
                "weightChange": 0
            }
        ]
    },
    "lexapro": {
        "description": "commonly used for anxiety",
        "information": "http://pillbox.nlm.nih.gov/pillimage/search.php",
        "refill": "http://www.walgreens.com/",
        "reviews": [
            {
                "comment": "Lorem ipsum dolor sit amet, consectetur adipisicing elit. Sequi rem dolores possimus, magni porro similique ipsum dignissimos perferendis dicta ab saepe excepturi cumque facilis earum nemo maxime nam architecto laudantium.",
                "difficulty": 100,
                "moodChange": 69,
                "profile": {
                    "image": "img/danielRasmuson.jpg",
                    "name": "Daniel Rasmuson"
                },
                "satisfaction": 60,
                "weightChange": 40
            },
            {
                "comment": "Lorem ipsum dolor sit amet, consectetur adipisicing elit. Sequi rem dolores possimus, magni porro similique ipsum dignissimos perferendis dicta ab saepe excepturi cumque facilis earum nemo maxime nam architecto laudantium.",
                "difficulty": 90,
                "moodChange": 67,
                "profile": {
                    "image": "img/peteKane.jpeg",
                    "name": "Pete Kane"
                },
                "satisfaction": 30,
                "weightChange": 10
            },
            {
                "comment": "Lorem ipsum dolor sit amet, consectetur adipisicing elit. Sequi rem dolores possimus, magni porro similique ipsum dignissimos perferendis dicta ab saepe excepturi cumque facilis earum nemo maxime nam architecto laudantium.",
                "difficulty": 80,
                "moodChange": 60,
                "profile": {
                    "image": "img/DrewPowell.jpg",
                    "name": "Drew Powell"
                },
                "satisfaction": 100,
                "weightChange": 0
            }
        ]
    },
    "lithium_carbonate": {
        "description": "commonly used for anxiety",
        "information": "http://pillbox.nlm.nih.gov/pillimage/search.php",
        "refill": "http://www.walgreens.com/",
        "reviews": []
    },
    "adderall": {
        "description": "commonly used for anxiety",
        "information": "http://pillbox.nlm.nih.gov/pillimage/search.php",
        "refill": "http://www.walgreens.com/",
        "reviews": [
            {
                "comment": "Lorem ipsum dolor sit amet, consectetur adipisicing elit. Sequi rem dolores possimus, magni porro similique ipsum dignissimos perferendis dicta ab saepe excepturi cumque facilis earum nemo maxime nam architecto laudantium.",
                "difficulty": 50,
                "moodChange": 69,
                "profile": {
                    "image": "img/danielRasmuson.jpg",
                    "name": "Daniel Rasmuson"
                },
                "satisfaction": 60,
                "weightChange": 40
            },
            {
                "comment": "Lorem ipsum dolor sit amet, consectetur adipisicing elit. Sequi rem dolores possimus, magni porro similique ipsum dignissimos perferendis dicta ab saepe excepturi cumque facilis earum nemo maxime nam architecto laudantium.",
                "difficulty": 40,
                "moodChange": 29,
                "profile": {
                    "image": "img/peteKane.jpeg",
                    "name": "Pete Kane"
                },
                "satisfaction": 30,
                "weightChange": 10
            },
            {
                "comment": "Lorem ipsum dolor sit amet, consectetur adipisicing elit. Sequi rem dolores possimus, magni porro similique ipsum dignissimos perferendis dicta ab saepe excepturi cumque facilis earum nemo maxime nam architecto laudantium.",
                "difficulty": 80,
                "moodChange": 119,
                "profile": {
                    "image": "img/DrewPowell.jpg",
                    "name": "Drew Powell"
                },
                "satisfaction": 100,
                "weightChange": 0
            }
        ]
    }
}